title,description,imageurl
Project 1,Description 1,https://media.istockphoto.com/id/2155468112/photo/teenagers-take-portrait-together.jpg?s=1024x1024&w=is&k=20&c=L-rppHvseLevXKT4jcBJUcw9NzK_5oK7c-gSCr8QPXg=
Project 2,Description 2,https://img.freepik.com/free-photo/observation-urban-building-business-steel_1127-2397.jpg?t=st=1735274124~exp=1735277724~hmac=96e1600366171b0a7ed8b5b1a423dfd873eaffe43ae77cce80daaa797d7c47ca&w=996
Project 3,Description 3,https://img.freepik.com/free-photo/observation-urban-building-business-steel_1127-2397.jpg?t=st=1735274124~exp=1735277724~hmac=96e1600366171b0a7ed8b5b1a423dfd873eaffe43ae77cce80daaa797d7c47ca&w=996
Project 4,Description 4,https://img.freepik.com/free-photo/observation-urban-building-business-steel_1127-2397.jpg?t=st=1735274124~exp=1735277724~hmac=96e1600366171b0a7ed8b5b1a423dfd873eaffe43ae77cce80daaa797d7c47ca&w=996
Project 5,Description 5,https://img.freepik.com/free-photo/observation-urban-building-business-steel_1127-2397.jpg?t=st=1735274124~exp=1735277724~hmac=96e1600366171b0a7ed8b5b1a423dfd873eaffe43ae77cce80daaa797d7c47ca&w=996
Project 6,Description 5,https://img.freepik.com/free-photo/observation-urban-building-business-steel_1127-2397.jpg?t=st=1735274124~exp=1735277724~hmac=96e1600366171b0a7ed8b5b1a423dfd873eaffe43ae77cce80daaa797d7c47ca&w=996
Project 7,Description 5,https://img.freepik.com/free-photo/observation-urban-building-business-steel_1127-2397.jpg?t=st=1735274124~exp=1735277724~hmac=96e1600366171b0a7ed8b5b1a423dfd873eaffe43ae77cce80daaa797d7c47ca&w=996
Project 8,Description 5,https://img.freepik.com/free-photo/observation-urban-building-business-steel_1127-2397.jpg?t=st=1735274124~exp=1735277724~hmac=96e1600366171b0a7ed8b5b1a423dfd873eaffe43ae77cce80daaa797d7c47ca&w=996
Project 9,Description 5,https://via.placeholder.com/150
